tool		Java Ranger 2025	Java Ranger 2025	Java Ranger 2025	Java Ranger 2025
run set		SVCOMP-ReachSafety-Java.ReachSafety-Java	SVCOMP-ReachSafety-Java.ReachSafety-Java	SVCOMP-ReachSafety-Java.ReachSafety-Java	SVCOMP-ReachSafety-Java.ReachSafety-Java
../../Desktop/OSS/sv-benchmarks/java/		status	cputime (s)	walltime (s)	memory (MB)
jayhorn-recursive/Ackermann01.yml	false	false	6.710186	2.309482263000973	498.819072
jayhorn-recursive/Addition.yml	true				
jayhorn-recursive/InfiniteLoop.yml	false				
jayhorn-recursive/SatAckermann01.yml	true				
jayhorn-recursive/SatAckermann02.yml	true				
jayhorn-recursive/SatAckermann03.yml	true				
jayhorn-recursive/SatAddition01.yml	true				
jayhorn-recursive/SatEvenOdd01.yml	true				
jayhorn-recursive/SatFibonacci01.yml	true				
jayhorn-recursive/SatFibonacci02.yml	true				
jayhorn-recursive/SatFibonacci03.yml	true				
jayhorn-recursive/SatGcd.yml	true				
jayhorn-recursive/SatHanoi01.yml	true				
jayhorn-recursive/SatMccarthy91.yml	true				
jayhorn-recursive/SatMultCommutative01.yml	true				
jayhorn-recursive/SatPrimes01.yml	true				
jayhorn-recursive/UnsatAckermann01.yml	false				
jayhorn-recursive/UnsatAddition01.yml	false				
jayhorn-recursive/UnsatAddition02.yml	false				
jayhorn-recursive/UnsatEvenOdd01.yml	false				
jayhorn-recursive/UnsatFibonacci01.yml	false				
jayhorn-recursive/UnsatFibonacci02.yml	false				
jayhorn-recursive/UnsatMccarthy91.yml	false				
jbmc-regression/ArithmeticException1.yml	false				
jbmc-regression/ArithmeticException5.yml	true				
jbmc-regression/ArithmeticException6.yml	false				
jbmc-regression/ArrayIndexOutOfBoundsException1.yml	false				
jbmc-regression/ArrayIndexOutOfBoundsException2.yml	false				
jbmc-regression/ArrayIndexOutOfBoundsException3.yml	false				
jbmc-regression/BufferedReaderReadLine.yml	false				
jbmc-regression/CharSequenceBug.yml	false				
jbmc-regression/CharSequenceToString.yml	true				
jbmc-regression/ClassCastException1.yml	false				
jbmc-regression/ClassCastException2.yml	true				
jbmc-regression/ClassCastException3.yml	false				
jbmc-regression/Class_method1.yml	true				
jbmc-regression/Inheritance1.yml	true				
jbmc-regression/NegativeArraySizeException1.yml	false				
jbmc-regression/NegativeArraySizeException2.yml	false				
jbmc-regression/NullPointerException1.yml	true				
jbmc-regression/NullPointerException2.yml	false				
jbmc-regression/NullPointerException3.yml	false				
jbmc-regression/NullPointerException4.yml	false				
jbmc-regression/RegexMatches01.yml	true				
jbmc-regression/RegexMatches02.yml	false				
jbmc-regression/RegexSubstitution01.yml	true				
jbmc-regression/RegexSubstitution02.yml	false				
jbmc-regression/RegexSubstitution03.yml	true				
jbmc-regression/StaticCharMethods01.yml	true				
jbmc-regression/StaticCharMethods02.yml	false				
jbmc-regression/StaticCharMethods03.yml	false				
jbmc-regression/StaticCharMethods04.yml	false				
jbmc-regression/StaticCharMethods05.yml	false				
jbmc-regression/StaticCharMethods06.yml	true				
jbmc-regression/StringBuilderAppend01.yml	true				
jbmc-regression/StringBuilderAppend02.yml	false				
jbmc-regression/StringBuilderCapLen01.yml	true				
jbmc-regression/StringBuilderCapLen02.yml	false				
jbmc-regression/StringBuilderCapLen03.yml	false				
jbmc-regression/StringBuilderCapLen04.yml	false				
jbmc-regression/StringBuilderChars01.yml	true				
jbmc-regression/StringBuilderChars02.yml	false				
jbmc-regression/StringBuilderChars03.yml	false				
jbmc-regression/StringBuilderChars04.yml	false				
jbmc-regression/StringBuilderChars05.yml	false				
jbmc-regression/StringBuilderChars06.yml	false				
jbmc-regression/StringBuilderConstructors01.yml	true				
jbmc-regression/StringBuilderConstructors02.yml	false				
jbmc-regression/StringBuilderInsertDelete01.yml	true				
jbmc-regression/StringBuilderInsertDelete02.yml	false				
jbmc-regression/StringBuilderInsertDelete03.yml	false				
jbmc-regression/StringCompare01.yml	true				
jbmc-regression/StringCompare02.yml	false				
jbmc-regression/StringCompare03.yml	false				
jbmc-regression/StringCompare04.yml	false				
jbmc-regression/StringCompare05.yml	false				
jbmc-regression/StringConcatenation01.yml	true				
jbmc-regression/StringConcatenation02.yml	false				
jbmc-regression/StringConcatenation03.yml	false				
jbmc-regression/StringConcatenation04.yml	false				
jbmc-regression/StringConstructors01.yml	true				
jbmc-regression/StringConstructors02.yml	false				
jbmc-regression/StringConstructors03.yml	false				
jbmc-regression/StringConstructors04.yml	false				
jbmc-regression/StringConstructors05.yml	false				
jbmc-regression/StringContains01.yml	false				
jbmc-regression/StringContains02.yml	false				
jbmc-regression/StringIndexMethods01.yml	true				
jbmc-regression/StringIndexMethods02.yml	false				
jbmc-regression/StringIndexMethods03.yml	false				
jbmc-regression/StringIndexMethods04.yml	false				
jbmc-regression/StringIndexMethods05.yml	false				
jbmc-regression/StringMiscellaneous01.yml	true				
jbmc-regression/StringMiscellaneous02.yml	false				
jbmc-regression/StringMiscellaneous03.yml	false				
jbmc-regression/StringMiscellaneous04.yml	true				
jbmc-regression/StringStartEnd01.yml	true				
jbmc-regression/StringStartEnd02.yml	false				
jbmc-regression/StringStartEnd03.yml	false				
jbmc-regression/StringValueOf01.yml	true				
jbmc-regression/StringValueOf02.yml	false				
jbmc-regression/StringValueOf03.yml	false				
jbmc-regression/StringValueOf04.yml	false				
jbmc-regression/StringValueOf05.yml	false				
jbmc-regression/StringValueOf06.yml	false				
jbmc-regression/StringValueOf07.yml	false				
jbmc-regression/StringValueOf08.yml	false				
jbmc-regression/StringValueOf09.yml	false				
jbmc-regression/StringValueOf10.yml	false				
jbmc-regression/SubString01.yml	true				
jbmc-regression/SubString02.yml	false				
jbmc-regression/SubString03.yml	false				
jbmc-regression/TokenTest01.yml	true				
jbmc-regression/TokenTest02.yml	false				
jbmc-regression/Validate01.yml	true				
jbmc-regression/Validate02.yml	false				
jbmc-regression/aastore_aaload1.yml	true				
jbmc-regression/array1.yml	true				
jbmc-regression/array2.yml	true				
jbmc-regression/arraylength1.yml	true				
jbmc-regression/arrayread1.yml	true				
jbmc-regression/assert1.yml	true				
jbmc-regression/assert2.yml	false				
jbmc-regression/assert3.yml	false				
jbmc-regression/assert4.yml	false				
jbmc-regression/assert5.yml	true				
jbmc-regression/assert6.yml	true				
jbmc-regression/astore_aload1.yml	true				
jbmc-regression/athrow1.yml	false				
jbmc-regression/basic1.yml	true				
jbmc-regression/bitwise1.yml	true				
jbmc-regression/boolean1.yml	true				
jbmc-regression/boolean2.yml	true				
jbmc-regression/bug-test-gen-095.yml	false				
jbmc-regression/bug-test-gen-119-2.yml	true				
jbmc-regression/bug-test-gen-119.yml	true				
jbmc-regression/calc.yml	true				
jbmc-regression/cast1.yml	true				
jbmc-regression/catch1.yml	true				
jbmc-regression/char1.yml	true				
jbmc-regression/charArray.yml	true				
jbmc-regression/classtest1.yml	true				
jbmc-regression/const1.yml	true				
jbmc-regression/constructor1.yml	true				
jbmc-regression/enum1.yml	true				
jbmc-regression/exceptions1.yml	false				
jbmc-regression/exceptions10.yml	false				
jbmc-regression/exceptions11.yml	false				
jbmc-regression/exceptions12.yml	false				
jbmc-regression/exceptions13.yml	false				
jbmc-regression/exceptions14.yml	true				
jbmc-regression/exceptions15.yml	true				
jbmc-regression/exceptions16.yml	false				
jbmc-regression/exceptions18.yml	true				
jbmc-regression/exceptions2.yml	false				
jbmc-regression/exceptions3.yml	false				
jbmc-regression/exceptions4.yml	true				
jbmc-regression/exceptions5.yml	true				
jbmc-regression/exceptions6.yml	false				
jbmc-regression/exceptions7.yml	false				
jbmc-regression/exceptions8.yml	false				
jbmc-regression/exceptions9.yml	true				
jbmc-regression/fcmpx_dcmpx1.yml	true				
jbmc-regression/iarith1.yml	true				
jbmc-regression/iarith2.yml	true				
jbmc-regression/if_acmp1.yml	true				
jbmc-regression/if_expr1.yml	true				
jbmc-regression/if_icmp1.yml	true				
jbmc-regression/ifxx1.yml	true				
jbmc-regression/instanceof1.yml	true				
jbmc-regression/instanceof2.yml	true				
jbmc-regression/instanceof3.yml	true				
jbmc-regression/instanceof4.yml	true				
jbmc-regression/instanceof5.yml	true				
jbmc-regression/instanceof6.yml	true				
jbmc-regression/instanceof7.yml	true				
jbmc-regression/instanceof8.yml	true				
jbmc-regression/interface1.yml	false				
jbmc-regression/java_append_char.yml	false				
jbmc-regression/lazyloading4.yml	true				
jbmc-regression/list1.yml	true				
jbmc-regression/long1.yml	true				
jbmc-regression/lookupswitch1.yml	true				
jbmc-regression/multinewarray.yml	true				
jbmc-regression/overloading1.yml	true				
jbmc-regression/package1.yml	true				
jbmc-regression/putfield_getfield1.yml	true				
jbmc-regression/putstatic_getstatic1.yml	true				
jbmc-regression/recursion2.yml	true				
jbmc-regression/return1.yml	false				
jbmc-regression/return2.yml	false				
jbmc-regression/store_load1.yml	true				
jbmc-regression/swap1.yml	true				
jbmc-regression/synchronized.yml	true				
jbmc-regression/tableswitch1.yml	true				
jbmc-regression/uninitialised1.yml	true				
jbmc-regression/virtual1.yml	true				
jbmc-regression/virtual2.yml	false				
jbmc-regression/virtual4.yml	true				
jbmc-regression/virtual_function_unwinding.yml	true				
jpf-regression/ExDarko_false.yml	false				
jpf-regression/ExDarko_true.yml	true				
jpf-regression/ExException_false.yml	false				
jpf-regression/ExException_true.yml	true				
jpf-regression/ExGenSymExe_false.yml	false				
jpf-regression/ExGenSymExe_true.yml	true				
jpf-regression/ExLazy_false.yml	false				
jpf-regression/ExLazy_true.yml	true				
jpf-regression/ExMIT_false.yml	false				
jpf-regression/ExMIT_true.yml	true				
jpf-regression/ExSymExe10_false.yml	false				
jpf-regression/ExSymExe10_true.yml	true				
jpf-regression/ExSymExe11_false.yml	false				
jpf-regression/ExSymExe11_true.yml	true				
jpf-regression/ExSymExe12_false.yml	false				
jpf-regression/ExSymExe12_true.yml	true				
jpf-regression/ExSymExe13_false.yml	false				
jpf-regression/ExSymExe13_true.yml	true				
jpf-regression/ExSymExe14_false.yml	false				
jpf-regression/ExSymExe14_true.yml	true				
jpf-regression/ExSymExe15_false.yml	false				
jpf-regression/ExSymExe15_true.yml	true				
jpf-regression/ExSymExe16_false.yml	false				
jpf-regression/ExSymExe16_true.yml	true				
jpf-regression/ExSymExe17_false.yml	false				
jpf-regression/ExSymExe17_true.yml	true				
jpf-regression/ExSymExe18_false.yml	false				
jpf-regression/ExSymExe18_true.yml	true				
jpf-regression/ExSymExe19_false.yml	false				
jpf-regression/ExSymExe19_true.yml	true				
jpf-regression/ExSymExe1_false.yml	false				
jpf-regression/ExSymExe1_true.yml	true				
jpf-regression/ExSymExe20_false.yml	false				
jpf-regression/ExSymExe20_true.yml	true				
jpf-regression/ExSymExe21_false.yml	false				
jpf-regression/ExSymExe21_true.yml	true				
jpf-regression/ExSymExe25_false.yml	false				
jpf-regression/ExSymExe25_true.yml	true				
jpf-regression/ExSymExe26_false.yml	false				
jpf-regression/ExSymExe26_true.yml	true				
jpf-regression/ExSymExe27_false.yml	false				
jpf-regression/ExSymExe27_true.yml	true				
jpf-regression/ExSymExe28_false.yml	false				
jpf-regression/ExSymExe28_true.yml	true				
jpf-regression/ExSymExe29_false.yml	false				
jpf-regression/ExSymExe29_true.yml	true				
jpf-regression/ExSymExe2_false.yml	false				
jpf-regression/ExSymExe2_true.yml	true				
jpf-regression/ExSymExe3_false.yml	false				
jpf-regression/ExSymExe3_true.yml	true				
jpf-regression/ExSymExe4_false.yml	false				
jpf-regression/ExSymExe4_true.yml	true				
jpf-regression/ExSymExe5_false.yml	false				
jpf-regression/ExSymExe5_true.yml	true				
jpf-regression/ExSymExe6_false.yml	false				
jpf-regression/ExSymExe6_true.yml	true				
jpf-regression/ExSymExe7_false.yml	false				
jpf-regression/ExSymExe7_true.yml	true				
jpf-regression/ExSymExe8_false.yml	false				
jpf-regression/ExSymExe8_true.yml	true				
jpf-regression/ExSymExe9_false.yml	false				
jpf-regression/ExSymExe9_true.yml	true				
jpf-regression/ExSymExeArrays_false.yml	false				
jpf-regression/ExSymExeArrays_true.yml	true				
jpf-regression/ExSymExeBool_false.yml	false				
jpf-regression/ExSymExeBool_true.yml	true				
jpf-regression/ExSymExeComplexMath_false.yml	false				
jpf-regression/ExSymExeComplexMath_true.yml	true				
jpf-regression/ExSymExeD2I_false.yml	false				
jpf-regression/ExSymExeD2I_true.yml	true				
jpf-regression/ExSymExeD2L_false.yml	false				
jpf-regression/ExSymExeD2L_true.yml	true				
jpf-regression/ExSymExeF2I_false.yml	false				
jpf-regression/ExSymExeF2I_true.yml	true				
jpf-regression/ExSymExeF2L_false.yml	false				
jpf-regression/ExSymExeF2L_true.yml	true				
jpf-regression/ExSymExeFNEG_false.yml	false				
jpf-regression/ExSymExeFNEG_true.yml	true				
jpf-regression/ExSymExeGetStatic_false.yml	false				
jpf-regression/ExSymExeGetStatic_true.yml	true				
jpf-regression/ExSymExeI2D_false.yml	false				
jpf-regression/ExSymExeI2D_true.yml	true				
jpf-regression/ExSymExeI2F_false.yml	false				
jpf-regression/ExSymExeI2F_true.yml	true				
jpf-regression/ExSymExeLCMP_false.yml	false				
jpf-regression/ExSymExeLCMP_true.yml	true				
jpf-regression/ExSymExeLongBytecodes_false.yml	false				
jpf-regression/ExSymExeLongBytecodes_true.yml	true				
jpf-regression/ExSymExeResearch_false.yml	false				
jpf-regression/ExSymExeResearch_true.yml	true				
jpf-regression/ExSymExeSimple_false.yml	false				
jpf-regression/ExSymExeSimple_true.yml	true				
jpf-regression/ExSymExeSuzette_false.yml	false				
jpf-regression/ExSymExeSuzette_true.yml	true				
jpf-regression/ExSymExeSwitch_false.yml	false				
jpf-regression/ExSymExeSwitch_true.yml	true				
jpf-regression/ExSymExeTestAssignments_false.yml	false				
jpf-regression/ExSymExeTestAssignments_true.yml	true				
jpf-regression/ExSymExeTestClassFields_false.yml	false				
jpf-regression/ExSymExeTestClassFields_true.yml	true				
jpf-regression/ExSymExe_false.yml	false				
jpf-regression/ExSymExe_true.yml	true				
jpf-regression/TestLazy_false.yml	false				
jpf-regression/TestLazy_true.yml	true				
java-ranger-regression/LoopCharAt.yml	false				
java-ranger-regression/TCAS_prop1.yml	false				
java-ranger-regression/TCAS_prop2.yml	true				
java-ranger-regression/TCAS_prop3.yml	true				
java-ranger-regression/apachecli_eqchk.yml	true				
java-ranger-regression/schedule_eqchk.yml	true				
java-ranger-regression/WBS/WBS_prop1.yml	false				
java-ranger-regression/WBS/WBS_prop2.yml	true				
java-ranger-regression/WBS/WBS_prop3.yml	false				
java-ranger-regression/WBS/WBS_prop4.yml	false				
java-ranger-regression/alarm/Alarm_prop1.yml	true				
java-ranger-regression/alarm/Alarm_prop10.yml	true				
java-ranger-regression/alarm/Alarm_prop2.yml	true				
java-ranger-regression/alarm/Alarm_prop3.yml	true				
java-ranger-regression/alarm/Alarm_prop4.yml	true				
java-ranger-regression/alarm/Alarm_prop5.yml	true				
java-ranger-regression/alarm/Alarm_prop6.yml	true				
java-ranger-regression/alarm/Alarm_prop8.yml	true				
java-ranger-regression/alarm/Alarm_prop9.yml	true				
java-ranger-regression/infusion/Infusion_prop1.yml	true				
java-ranger-regression/infusion/Infusion_prop10.yml	true				
java-ranger-regression/infusion/Infusion_prop11.yml	true				
java-ranger-regression/infusion/Infusion_prop12.yml	true				
java-ranger-regression/infusion/Infusion_prop13.yml	true				
java-ranger-regression/infusion/Infusion_prop2.yml	true				
java-ranger-regression/infusion/Infusion_prop3.yml	true				
java-ranger-regression/infusion/Infusion_prop4.yml	true				
java-ranger-regression/infusion/Infusion_prop5.yml	true				
java-ranger-regression/infusion/Infusion_prop6.yml	true				
java-ranger-regression/infusion/Infusion_prop7.yml	true				
java-ranger-regression/infusion/Infusion_prop8.yml	true				
java-ranger-regression/infusion/Infusion_prop9.yml	true				
java-ranger-regression/siena_eqchk/siena_prop1.yml	true				
java-ranger-regression/siena_eqchk/siena_prop2.yml	false				
java-ranger-regression/replace5_eqchk/replace5_prop1.yml	true				
java-ranger-regression/replace5_eqchk/replace5_prop2.yml	false				
java-ranger-regression/nanoxml_eqchk/nanoxml_prop1.yml	true				
java-ranger-regression/nanoxml_eqchk/nanoxml_prop2.yml	false				
java-ranger-regression/nanoxml_eqchk/nanoxml_prop3.yml	false				
java-ranger-regression/printtokens_eqchk/printtokens_prop1.yml	true				
java-ranger-regression/printtokens_eqchk/printtokens_prop2.yml	false				
MinePump/spec1-5_product1.yml	false				
MinePump/spec1-5_product10.yml	false				
MinePump/spec1-5_product11.yml	false				
MinePump/spec1-5_product12.yml	false				
MinePump/spec1-5_product13.yml	false				
MinePump/spec1-5_product14.yml	false				
MinePump/spec1-5_product15.yml	false				
MinePump/spec1-5_product16.yml	false				
MinePump/spec1-5_product17.yml	false				
MinePump/spec1-5_product18.yml	false				
MinePump/spec1-5_product19.yml	false				
MinePump/spec1-5_product2.yml	false				
MinePump/spec1-5_product20.yml	false				
MinePump/spec1-5_product21.yml	false				
MinePump/spec1-5_product22.yml	false				
MinePump/spec1-5_product23.yml	false				
MinePump/spec1-5_product24.yml	false				
MinePump/spec1-5_product25.yml	false				
MinePump/spec1-5_product26.yml	false				
MinePump/spec1-5_product27.yml	false				
MinePump/spec1-5_product28.yml	false				
MinePump/spec1-5_product29.yml	false				
MinePump/spec1-5_product3.yml	false				
MinePump/spec1-5_product30.yml	false				
MinePump/spec1-5_product31.yml	false				
MinePump/spec1-5_product32.yml	false				
MinePump/spec1-5_product33.yml	false				
MinePump/spec1-5_product34.yml	false				
MinePump/spec1-5_product35.yml	false				
MinePump/spec1-5_product36.yml	false				
MinePump/spec1-5_product37.yml	false				
MinePump/spec1-5_product38.yml	false				
MinePump/spec1-5_product39.yml	false				
MinePump/spec1-5_product4.yml	false				
MinePump/spec1-5_product40.yml	false				
MinePump/spec1-5_product41.yml	false				
MinePump/spec1-5_product42.yml	false				
MinePump/spec1-5_product43.yml	false				
MinePump/spec1-5_product44.yml	false				
MinePump/spec1-5_product45.yml	false				
MinePump/spec1-5_product46.yml	false				
MinePump/spec1-5_product47.yml	false				
MinePump/spec1-5_product48.yml	false				
MinePump/spec1-5_product49.yml	false				
MinePump/spec1-5_product5.yml	false				
MinePump/spec1-5_product50.yml	false				
MinePump/spec1-5_product51.yml	false				
MinePump/spec1-5_product52.yml	false				
MinePump/spec1-5_product53.yml	false				
MinePump/spec1-5_product54.yml	false				
MinePump/spec1-5_product55.yml	false				
MinePump/spec1-5_product56.yml	false				
MinePump/spec1-5_product57.yml	true				
MinePump/spec1-5_product58.yml	true				
MinePump/spec1-5_product59.yml	true				
MinePump/spec1-5_product6.yml	false				
MinePump/spec1-5_product60.yml	true				
MinePump/spec1-5_product61.yml	true				
MinePump/spec1-5_product62.yml	true				
MinePump/spec1-5_product63.yml	true				
MinePump/spec1-5_product64.yml	true				
MinePump/spec1-5_product7.yml	false				
MinePump/spec1-5_product8.yml	false				
MinePump/spec1-5_product9.yml	false				
algorithms/BellmanFord-FunSat01.yml	true				
algorithms/BellmanFord-FunSat02.yml	false				
algorithms/BellmanFord-FunUnsat01.yml	false				
algorithms/BellmanFord-FunUnsat02.yml	false				
algorithms/BellmanFord-MemSat01.yml	true				
algorithms/BellmanFord-MemSat02.yml	true				
algorithms/BellmanFord-MemUnsat01.yml	false				
algorithms/BellmanFord-MemUnsat02.yml	false				
algorithms/BinaryTreeSearch-FunSat01.yml	true				
algorithms/BinaryTreeSearch-FunUnsat01.yml	false				
algorithms/BinaryTreeSearch-MemSat01.yml	true				
algorithms/BinaryTreeSearch-MemUnsat01.yml	false				
algorithms/BinaryTreeSearch-MemUnsat02.yml	false				
algorithms/InsertionSort-FunSat01.yml	true				
algorithms/InsertionSort-FunSat02.yml	true				
algorithms/InsertionSort-FunUnsat01.yml	false				
algorithms/InsertionSort-MemSat01.yml	true				
algorithms/InsertionSort-MemUnsat01.yml	false				
algorithms/MergeSortIterative-FunSat01.yml	true				
algorithms/MergeSortIterative-FunSat02.yml	true				
algorithms/MergeSortIterative-FunUnsat01.yml	false				
algorithms/MergeSortIterative-MemSat01.yml	false				
algorithms/MergeSortIterative-MemUnsat01.yml	false				
algorithms/RedBlackTree-FunSat01.yml	true				
algorithms/RedBlackTree-FunUnsat01.yml	false				
algorithms/RedBlackTree-MemSat01.yml	true				
algorithms/RedBlackTree-MemUnsat01.yml	false				
algorithms/SortedListInsert-FunSat01.yml	true				
algorithms/SortedListInsert-FunSat02.yml	true				
algorithms/SortedListInsert-FunUnsat01.yml	false				
algorithms/SortedListInsert-MemSat01.yml	true				
algorithms/SortedListInsert-MemUnsat01.yml	false				
algorithms/Trie-FunSat01.yml	true				
algorithms/Trie-FunUnsat01.yml	false				
algorithms/Trie-MemSat01.yml	true				
algorithms/Trie-MemUnsat01.yml	false				
algorithms/Tsp-FunSat01.yml	false				
algorithms/Tsp-FunUnsat01.yml	false				
algorithms/Tsp-MemSat01.yml	true				
algorithms/Tsp-MemUnsat01.yml	false				
juliet-java/CWE369_Divide_by_Zero__float_connect_tcp_divide_01_bad.yml	false				
juliet-java/CWE369_Divide_by_Zero__float_connect_tcp_divide_01_bad_version2.yml	false				
juliet-java/CWE369_Divide_by_Zero__float_connect_tcp_divide_01_good.yml	true				
juliet-java/CWE369_Divide_by_Zero__float_connect_tcp_divide_81a_bad.yml	false				
juliet-java/CWE369_Divide_by_Zero__float_connect_tcp_divide_81a_bad_version2.yml	false				
juliet-java/CWE369_Divide_by_Zero__float_connect_tcp_divide_81a_good.yml	true				
juliet-java/CWE369_Divide_by_Zero__float_console_readLine_divide_54_bad.yml	false				
juliet-java/CWE369_Divide_by_Zero__float_console_readLine_divide_54_bad_version2.yml	false				
juliet-java/CWE369_Divide_by_Zero__float_console_readLine_divide_54_good.yml	true				
jdart-regression/OverapproximationString01.yml	false				
jdart-regression/URLDecoder01.yml	true				
jdart-regression/URLDecoder02.yml	false				
jdart-regression/addition01.yml	false				
jdart-regression/array-iteration01.yml	false				
jdart-regression/boundcheck100.yml	false				
jdart-regression/boundcheck200.yml	false				
jdart-regression/boundcheck30.yml	false				
jdart-regression/double2long.yml	false				
jdart-regression/float.yml	false				
jdart-regression/list2.yml	true				
jdart-regression/radians.yml	false				
jdart-regression/shifting.yml	false				
jdart-regression/shifting2.yml	false				
jdart-regression/shifting3.yml	false				
jdart-regression/startswith.yml	true				
securibench/Aliasing1.yml	false				
securibench/Aliasing2.yml	true				
securibench/Aliasing3.yml	true				
securibench/Aliasing4.yml	false				
securibench/Aliasing5.yml	false				
securibench/Aliasing6.yml	false				
securibench/Arrays1.yml	false				
securibench/Arrays10.yml	false				
securibench/Arrays2.yml	false				
securibench/Arrays3.yml	false				
securibench/Arrays4.yml	false				
securibench/Arrays5.yml	true				
securibench/Arrays6.yml	false				
securibench/Arrays7.yml	false				
securibench/Arrays8.yml	false				
securibench/Arrays9.yml	false				
securibench/Basic1.yml	false				
securibench/Basic10.yml	false				
securibench/Basic11.yml	false				
securibench/Basic12.yml	false				
securibench/Basic15.yml	false				
securibench/Basic16.yml	false				
securibench/Basic17.yml	false				
securibench/Basic18.yml	false				
securibench/Basic19.yml	false				
securibench/Basic2.yml	false				
securibench/Basic20.yml	false				
securibench/Basic21.yml	false				
securibench/Basic24.yml	false				
securibench/Basic25.yml	false				
securibench/Basic26.yml	false				
securibench/Basic27.yml	false				
securibench/Basic28.yml	true				
securibench/Basic29.yml	false				
securibench/Basic3.yml	false				
securibench/Basic30.yml	false				
securibench/Basic31.yml	false				
securibench/Basic32.yml	false				
securibench/Basic33.yml	false				
securibench/Basic34.yml	false				
securibench/Basic35.yml	false				
securibench/Basic37.yml	false				
securibench/Basic38.yml	false				
securibench/Basic39.yml	false				
securibench/Basic4.yml	false				
securibench/Basic5.yml	false				
securibench/Basic6.yml	true				
securibench/Basic7.yml	false				
securibench/Basic8.yml	true				
securibench/Basic9.yml	false				
securibench/Collections1.yml	false				
securibench/Collections10.yml	false				
securibench/Collections12.yml	false				
securibench/Collections13.yml	false				
securibench/Collections14.yml	false				
securibench/Collections2.yml	false				
securibench/Collections3.yml	false				
securibench/Collections4.yml	false				
securibench/Collections5.yml	false				
securibench/Collections6.yml	false				
securibench/Collections7.yml	false				
securibench/Collections8.yml	true				
securibench/Collections9.yml	true				
securibench/Datastructures1.yml	false				
securibench/Datastructures2.yml	false				
securibench/Datastructures3.yml	false				
securibench/Datastructures4.yml	true				
securibench/Datastructures5.yml	false				
securibench/Datastructures6.yml	false				
securibench/Factories1.yml	false				
securibench/Factories2.yml	false				
securibench/Factories3.yml	false				
securibench/Inter1.yml	false				
securibench/Inter10.yml	false				
securibench/Inter11.yml	false				
securibench/Inter12.yml	false				
securibench/Inter13.yml	false				
securibench/Inter14.yml	false				
securibench/Inter2.yml	false				
securibench/Inter3.yml	false				
securibench/Inter4.yml	false				
securibench/Inter5.yml	false				
securibench/Inter6.yml	false				
securibench/Inter7.yml	false				
securibench/Inter8.yml	false				
securibench/Inter9.yml	false				
securibench/Pred1.yml	true				
securibench/Pred2.yml	false				
securibench/Pred3.yml	true				
securibench/Pred4.yml	false				
securibench/Pred5.yml	false				
securibench/Pred6.yml	true				
securibench/Pred7.yml	true				
securibench/Pred8.yml	false				
securibench/Pred9.yml	true				
securibench/Refl1.yml	false				
securibench/Refl2.yml	false				
securibench/Refl3.yml	false				
securibench/Refl4.yml	false				
securibench/Sanitizers1.yml	false				
securibench/Sanitizers2.yml	true				
securibench/Sanitizers3.yml	true				
securibench/Sanitizers4.yml	false				
securibench/Sanitizers5.yml	false				
securibench/Sanitizers6.yml	true				
securibench/Session1.yml	false				
securibench/Session2.yml	false				
securibench/Session3.yml	false				
securibench/StrongUpdates1.yml	true				
securibench/StrongUpdates2.yml	true				
securibench/StrongUpdates3.yml	true				
securibench/StrongUpdates4.yml	true				
securibench/StrongUpdates5.yml	true				
float_unboundedloop/Adjustable-Inner-Count-Halving.yml	false				
float_unboundedloop/Alternating-Step-Schedule.yml	true				
float_unboundedloop/Batch-Conveyor-Counter.yml	true				
float_unboundedloop/Bounded-Proportional-Update.yml	true				
float_unboundedloop/Bounded-Reset-Linear-Growth.yml	true				
float_unboundedloop/Clamped-Triangular-Drift.yml	true				
float_unboundedloop/Cyclic-Preset-Inner-ABC.yml	true				
float_unboundedloop/Fixed-Block-Accumulator.yml	true				
float_unboundedloop/Hysteresis-On-Off-with-Deadband.yml	false				
float_unboundedloop/Inner-Retry-Until-OK.yml	true				
float_unboundedloop/Leak-and-Refill.yml	true				
float_unboundedloop/Mixed-Phase-AddHalve-with-Slack-Box.yml	true				
float_unboundedloop/Nested-Drain-Then-Step.yml	true				
float_unboundedloop/Nested-MinStep-Regulator.yml	true				
float_unboundedloop/Nested-PingPong-with-Caps.yml	true				
float_unboundedloop/Nested-Saturation-Then-Reset.yml	true				
float_unboundedloop/Nested-Windowed-Add-Remove.yml	true				
float_unboundedloop/Producer-Consumer-Level.yml	true				
float_unboundedloop/Ramp-and-Hold.yml	true				
float_unboundedloop/Safe-Accumulator-with-Bounded-Noise.yml	true				
float_unboundedloop/Saturating-Integrator.yml	true				
float_unboundedloop/Slew-Rate-Limiter.yml	true				
float_unboundedloop/Switched-Linear-Plant.yml	true				
float_unboundedloop/Two-Band-Piecewise-Linear-Oscillator.yml	true				
float_unboundedloop/Two-Counter-Lexicographic-Small.yml	true				
float_unboundedloop/Two-Level-Nested-Scheduler.yml	true				
float_unboundedloop/Two-State-FP-Oscillator.yml	true				
float_unboundedloop/Two-Var-Nested-Handshake.yml	true				
float_unboundedloop/Two-Variable_Averaging_Filter.yml	true				
float_unboundedloop/Unbounded-Outer-Inner-Safety-Gate.yml	true				
float-nonlinear-calculation/Bessel.yml	true				
float-nonlinear-calculation/Conflict.yml	true				
float-nonlinear-calculation/EulerMethod.yml	false				
float-nonlinear-calculation/MathSin.yml	false				
float-nonlinear-calculation/Optimization1.yml	false				
float-nonlinear-calculation/Optimization2.yml	false				
float-nonlinear-calculation/Optimization3.yml	false				
float-nonlinear-calculation/Optimization4.yml	false				
float-nonlinear-calculation/Optimization5.yml	false				
float-nonlinear-calculation/Optimization6.yml	false				
float-nonlinear-calculation/PartitionEx.yml	true				
float-nonlinear-calculation/TurnLogic.yml	true				
float-nonlinear-calculation/coral1.yml	false				
float-nonlinear-calculation/coral10.yml	false				
float-nonlinear-calculation/coral11.yml	false				
float-nonlinear-calculation/coral12.yml	false				
float-nonlinear-calculation/coral13.yml	false				
float-nonlinear-calculation/coral14.yml	false				
float-nonlinear-calculation/coral15.yml	false				
float-nonlinear-calculation/coral16.yml	false				
float-nonlinear-calculation/coral17.yml	false				
float-nonlinear-calculation/coral18.yml	false				
float-nonlinear-calculation/coral19.yml	false				
float-nonlinear-calculation/coral2.yml	false				
float-nonlinear-calculation/coral20.yml	false				
float-nonlinear-calculation/coral21.yml	false				
float-nonlinear-calculation/coral22.yml	false				
float-nonlinear-calculation/coral23.yml	true				
float-nonlinear-calculation/coral26.yml	true				
float-nonlinear-calculation/coral27.yml	false				
float-nonlinear-calculation/coral28.yml	false				
float-nonlinear-calculation/coral29.yml	false				
float-nonlinear-calculation/coral3.yml	true				
float-nonlinear-calculation/coral30.yml	false				
float-nonlinear-calculation/coral31.yml	false				
float-nonlinear-calculation/coral32.yml	false				
float-nonlinear-calculation/coral33.yml	false				
float-nonlinear-calculation/coral34.yml	false				
float-nonlinear-calculation/coral35.yml	false				
float-nonlinear-calculation/coral36.yml	false				
float-nonlinear-calculation/coral38.yml	false				
float-nonlinear-calculation/coral39.yml	false				
float-nonlinear-calculation/coral4.yml	false				
float-nonlinear-calculation/coral40.yml	false				
float-nonlinear-calculation/coral41.yml	false				
float-nonlinear-calculation/coral42.yml	false				
float-nonlinear-calculation/coral43.yml	false				
float-nonlinear-calculation/coral44.yml	false				
float-nonlinear-calculation/coral45.yml	false				
float-nonlinear-calculation/coral46.yml	true				
float-nonlinear-calculation/coral48.yml	false				
float-nonlinear-calculation/coral49.yml	false				
float-nonlinear-calculation/coral5.yml	true				
float-nonlinear-calculation/coral50.yml	false				
float-nonlinear-calculation/coral51.yml	false				
float-nonlinear-calculation/coral52.yml	false				
float-nonlinear-calculation/coral53.yml	false				
float-nonlinear-calculation/coral54.yml	false				
float-nonlinear-calculation/coral55.yml	true				
float-nonlinear-calculation/coral56.yml	false				
float-nonlinear-calculation/coral57.yml	false				
float-nonlinear-calculation/coral58.yml	false				
float-nonlinear-calculation/coral59.yml	false				
float-nonlinear-calculation/coral6.yml	false				
float-nonlinear-calculation/coral60.yml	false				
float-nonlinear-calculation/coral61.yml	false				
float-nonlinear-calculation/coral62.yml	false				
float-nonlinear-calculation/coral63.yml	false				
float-nonlinear-calculation/coral64.yml	false				
float-nonlinear-calculation/coral65.yml	false				
float-nonlinear-calculation/coral66.yml	false				
float-nonlinear-calculation/coral67.yml	false				
float-nonlinear-calculation/coral68.yml	false				
float-nonlinear-calculation/coral69.yml	false				
float-nonlinear-calculation/coral71.yml	false				
float-nonlinear-calculation/coral72.yml	false				
float-nonlinear-calculation/coral73.yml	false				
float-nonlinear-calculation/coral74.yml	false				
float-nonlinear-calculation/coral75.yml	false				
float-nonlinear-calculation/coral76.yml	false				
float-nonlinear-calculation/coral77.yml	false				
float-nonlinear-calculation/coral79.yml	false				
float-nonlinear-calculation/coral80.yml	true				
float-nonlinear-calculation/coral81.yml	false				
float-nonlinear-calculation/coral84.yml	false				
float-nonlinear-calculation/coral9.yml	false				
float-nonlinear-calculation/coral91.yml	true				
argv-tasks/AbstractSerializationStreamReader_false.yml	false				
argv-tasks/AbstractSerializationStreamReader_true.yml	false				
argv-tasks/AccelerometerListener_false.yml	false				
argv-tasks/AccelerometerListener_true.yml	true				
argv-tasks/ActiveCheck.yml	true				
argv-tasks/AlbersProjection_false.yml	false				
argv-tasks/AlbersProjection_true.yml	true				
argv-tasks/Base.yml	true				
argv-tasks/Base64.yml	true				
argv-tasks/BufferedBlockCipher.yml	true				
argv-tasks/Constant_false.yml	false				
argv-tasks/Constant_false2.yml	false				
argv-tasks/Constant_true.yml	true				
argv-tasks/CustomViewAbove.yml	true				
argv-tasks/DiskBasedCache.yml	false				
argv-tasks/DistinguishedNameParser.yml	false				
argv-tasks/EquidistantConicProjection_false.yml	false				
argv-tasks/EquidistantConicProjection_true.yml	true				
argv-tasks/FractalTouchHandler_false.yml	false				
argv-tasks/FractalTouchHandler_true.yml	true				
argv-tasks/GraphFragment_false.yml	false				
argv-tasks/GraphFragment_true.yml	true				
argv-tasks/HPack.yml	true				
argv-tasks/HebrewDate.yml	true				
argv-tasks/HighlightView_false.yml	false				
argv-tasks/HighlightView_true.yml	true				
argv-tasks/HotspotIntegerGenerator_false.yml	false				
argv-tasks/HotspotIntegerGenerator_true.yml	true				
argv-tasks/HttpConnectionHandler.yml	true				
argv-tasks/HttpTransport_false.yml	false				
argv-tasks/HttpTransport_true.yml	true				
argv-tasks/ImageRequest.yml	true				
argv-tasks/MathHelper_false.yml	false				
argv-tasks/MathHelper_true.yml	false				
argv-tasks/PieSegment_false.yml	false				
argv-tasks/PieSegment_true.yml	true				
argv-tasks/Piecewise_false.yml	false				
argv-tasks/Piecewise_true.yml	true				
argv-tasks/ReverseInterpolator_false.yml	false				
argv-tasks/ReverseInterpolator_false2.yml	false				
argv-tasks/ReverseInterpolator_true.yml	true				
argv-tasks/SpdyStream.yml	false				
argv-tasks/StrictLineReader.yml	true				
argv-tasks/SunTimes_false.yml	false				
argv-tasks/SunTimes_true.yml	true				
argv-tasks/TallyCounts_false.yml	false				
argv-tasks/TallyCounts_true.yml	true				
argv-tasks/TimeChart.yml	true				
argv-tasks/TouchPadView.yml	true				
argv-tasks/VelocityTracker_false.yml	false				
argv-tasks/VelocityTracker_true.yml	true				
autostub/Boolean_public_boolean_java_lang_Boolean_booleanValue.yml	false				
autostub/Boolean_public_int_java_lang_Boolean_compareTo_java_lang_Boolean.yml	false				
autostub/Boolean_public_java_lang_String_java_lang_Boolean_toString.yml	false				
autostub/Boolean_public_static_boolean_java_lang_Boolean_logicalAnd_boolean_boolean.yml	false				
autostub/Boolean_public_static_boolean_java_lang_Boolean_logicalOr_boolean_boolean.yml	false				
autostub/Boolean_public_static_boolean_java_lang_Boolean_logicalXor_boolean_boolean.yml	false				
autostub/Boolean_public_static_int_java_lang_Boolean_compare_boolean_boolean.yml	false				
autostub/Boolean_public_static_java_lang_Boolean_java_lang_Boolean_valueOf_boolean.yml	false				
autostub/Boolean_public_static_java_lang_String_java_lang_Boolean_toString_boolean.yml	false				
autostub/Byte_public_byte_java_lang_Byte_byteValue.yml	false				
autostub/Byte_public_double_java_lang_Byte_doubleValue.yml	false				
autostub/Byte_public_float_java_lang_Byte_floatValue.yml	false				
autostub/Byte_public_int_java_lang_Byte_compareTo_java_lang_Byte.yml	false				
autostub/Byte_public_int_java_lang_Byte_intValue.yml	false				
autostub/Byte_public_java_lang_String_java_lang_Byte_toString.yml	false				
autostub/Byte_public_long_java_lang_Byte_longValue.yml	false				
autostub/Byte_public_short_java_lang_Byte_shortValue.yml	false				
autostub/Byte_public_static_int_java_lang_Byte_compare_byte_byte.yml	false				
autostub/Byte_public_static_int_java_lang_Byte_toUnsignedInt_byte.yml	false				
autostub/Byte_public_static_java_lang_Byte_java_lang_Byte_valueOf_byte.yml	false				
autostub/Byte_public_static_java_lang_String_java_lang_Byte_toString_byte.yml	false				
autostub/Byte_public_static_long_java_lang_Byte_toUnsignedLong_byte.yml	false				
autostub/Character_public_char_java_lang_Character_charValue.yml	false				
autostub/Character_public_int_java_lang_Character_compareTo_java_lang_Character.yml	false				
autostub/Character_public_java_lang_String_java_lang_Character_toString.yml	false				
autostub/Character_public_static_boolean_java_lang_Character_isAlphabetic_int.yml	false				
autostub/Character_public_static_boolean_java_lang_Character_isBmpCodePoint_int.yml	false				
autostub/Character_public_static_boolean_java_lang_Character_isDefined_int.yml	false				
autostub/Character_public_static_boolean_java_lang_Character_isDigit_char.yml	false				
autostub/Character_public_static_boolean_java_lang_Character_isDigit_int.yml	false				
autostub/Character_public_static_boolean_java_lang_Character_isISOControl_int.yml	false				
autostub/Character_public_static_boolean_java_lang_Character_isIdentifierIgnorable_int.yml	false				
autostub/Character_public_static_boolean_java_lang_Character_isIdeographic_int.yml	false				
autostub/Character_public_static_boolean_java_lang_Character_isJavaIdentifierPart_char.yml	false				
autostub/Character_public_static_boolean_java_lang_Character_isJavaIdentifierPart_int.yml	false				
autostub/Character_public_static_boolean_java_lang_Character_isJavaIdentifierStart_char.yml	false				
autostub/Character_public_static_boolean_java_lang_Character_isJavaIdentifierStart_int.yml	false				
autostub/Character_public_static_boolean_java_lang_Character_isJavaLetterOrDigit_char.yml	false				
autostub/Character_public_static_boolean_java_lang_Character_isJavaLetter_char.yml	false				
autostub/Character_public_static_boolean_java_lang_Character_isLetterOrDigit_char.yml	false				
autostub/Character_public_static_boolean_java_lang_Character_isLetterOrDigit_int.yml	false				
autostub/Character_public_static_boolean_java_lang_Character_isLetter_char.yml	false				
autostub/Character_public_static_boolean_java_lang_Character_isLetter_int.yml	false				
autostub/Character_public_static_boolean_java_lang_Character_isLowerCase_char.yml	false				
autostub/Character_public_static_boolean_java_lang_Character_isLowerCase_int.yml	false				
autostub/Character_public_static_boolean_java_lang_Character_isMirrored_char.yml	false				
autostub/Character_public_static_boolean_java_lang_Character_isMirrored_int.yml	false				
autostub/Character_public_static_boolean_java_lang_Character_isSpaceChar_char.yml	false				
autostub/Character_public_static_boolean_java_lang_Character_isSpaceChar_int.yml	false				
autostub/Character_public_static_boolean_java_lang_Character_isSpace_char.yml	false				
autostub/Character_public_static_boolean_java_lang_Character_isSupplementaryCodePoint_int.yml	false				
autostub/Character_public_static_boolean_java_lang_Character_isTitleCase_int.yml	false				
autostub/Character_public_static_boolean_java_lang_Character_isUnicodeIdentifierPart_char.yml	false				
autostub/Character_public_static_boolean_java_lang_Character_isUnicodeIdentifierPart_int.yml	false				
autostub/Character_public_static_boolean_java_lang_Character_isUnicodeIdentifierStart_char.yml	false				
autostub/Character_public_static_boolean_java_lang_Character_isUnicodeIdentifierStart_int.yml	false				
autostub/Character_public_static_boolean_java_lang_Character_isUpperCase_char.yml	false				
autostub/Character_public_static_boolean_java_lang_Character_isUpperCase_int.yml	false				
autostub/Character_public_static_boolean_java_lang_Character_isValidCodePoint_int.yml	false				
autostub/Character_public_static_boolean_java_lang_Character_isWhitespace_char.yml	false				
autostub/Character_public_static_boolean_java_lang_Character_isWhitespace_int.yml	false				
autostub/Character_public_static_byte_java_lang_Character_getDirectionality_char.yml	false				
autostub/Character_public_static_byte_java_lang_Character_getDirectionality_int.yml	false				
autostub/Character_public_static_char_java_lang_Character_forDigit_int_int.yml	false				
autostub/Character_public_static_char_java_lang_Character_toLowerCase_char.yml	false				
autostub/Character_public_static_char_java_lang_Character_toTitleCase_char.yml	false				
autostub/Character_public_static_char_java_lang_Character_toUpperCase_char.yml	false				
autostub/Character_public_static_int_java_lang_Character_charCount_int.yml	false				
autostub/Character_public_static_int_java_lang_Character_compare_char_char.yml	false				
autostub/Character_public_static_int_java_lang_Character_digit_char_int.yml	false				
autostub/Character_public_static_int_java_lang_Character_digit_int_int.yml	false				
autostub/Character_public_static_int_java_lang_Character_getNumericValue_char.yml	false				
autostub/Character_public_static_int_java_lang_Character_getNumericValue_int.yml	false				
autostub/Character_public_static_int_java_lang_Character_getType_char.yml	false				
autostub/Character_public_static_int_java_lang_Character_getType_int.yml	false				
autostub/Character_public_static_int_java_lang_Character_toCodePoint_char_char.yml	false				
autostub/Character_public_static_int_java_lang_Character_toLowerCase_int.yml	false				
autostub/Character_public_static_int_java_lang_Character_toTitleCase_int.yml	false				
autostub/Character_public_static_int_java_lang_Character_toUpperCase_int.yml	false				
autostub/Character_public_static_java_lang_Character_java_lang_Character_valueOf_char.yml	false				
autostub/Character_public_static_java_lang_String_java_lang_Character_toString_char.yml	false				
autostub/Double_public_boolean_java_lang_Double_isInfinite.yml	false				
autostub/Double_public_boolean_java_lang_Double_isNaN.yml	false				
autostub/Double_public_byte_java_lang_Double_byteValue.yml	false				
autostub/Double_public_int_java_lang_Double_compareTo_java_lang_Double.yml	false				
autostub/Double_public_int_java_lang_Double_intValue.yml	false				
autostub/Double_public_java_lang_String_java_lang_Double_toString.yml	false				
autostub/Double_public_long_java_lang_Double_longValue.yml	false				
autostub/Double_public_short_java_lang_Double_shortValue.yml	false				
autostub/Double_public_static_boolean_java_lang_Double_isFinite_double.yml	false				
autostub/Double_public_static_boolean_java_lang_Double_isInfinite_double.yml	false				
autostub/Double_public_static_boolean_java_lang_Double_isNaN_double.yml	false				
autostub/Double_public_static_int_java_lang_Double_compare_double_double.yml	false				
autostub/Double_public_static_java_lang_String_java_lang_Double_toHexString_double.yml	false				
autostub/Double_public_static_java_lang_String_java_lang_Double_toString_double.yml	false				
autostub/Double_public_static_long_java_lang_Double_doubleToLongBits_double.yml	false				
autostub/Double_public_static_native_long_java_lang_Double_doubleToRawLongBits_double.yml	false				
autostub/Float_public_boolean_java_lang_Float_isInfinite.yml	false				
autostub/Float_public_boolean_java_lang_Float_isNaN.yml	false				
autostub/Float_public_byte_java_lang_Float_byteValue.yml	false				
autostub/Float_public_int_java_lang_Float_compareTo_java_lang_Float.yml	false				
autostub/Float_public_int_java_lang_Float_intValue.yml	false				
autostub/Float_public_java_lang_String_java_lang_Float_toString.yml	false				
autostub/Float_public_long_java_lang_Float_longValue.yml	false				
autostub/Float_public_short_java_lang_Float_shortValue.yml	false				
autostub/Float_public_static_boolean_java_lang_Float_isFinite_float.yml	false				
autostub/Float_public_static_boolean_java_lang_Float_isInfinite_float.yml	false				
autostub/Float_public_static_boolean_java_lang_Float_isNaN_float.yml	false				
autostub/Float_public_static_int_java_lang_Float_compare_float_float.yml	false				
autostub/Float_public_static_int_java_lang_Float_floatToIntBits_float.yml	false				
autostub/Float_public_static_java_lang_String_java_lang_Float_toHexString_float.yml	false				
autostub/Float_public_static_java_lang_String_java_lang_Float_toString_float.yml	false				
autostub/Float_public_static_native_int_java_lang_Float_floatToRawIntBits_float.yml	false				
autostub/Integer_public_byte_java_lang_Integer_byteValue.yml	false				
autostub/Integer_public_double_java_lang_Integer_doubleValue.yml	false				
autostub/Integer_public_float_java_lang_Integer_floatValue.yml	false				
autostub/Integer_public_int_java_lang_Integer_compareTo_java_lang_Integer.yml	false				
autostub/Integer_public_int_java_lang_Integer_intValue.yml	false				
autostub/Integer_public_java_lang_String_java_lang_Integer_toString.yml	false				
autostub/Integer_public_long_java_lang_Integer_longValue.yml	false				
autostub/Integer_public_short_java_lang_Integer_shortValue.yml	false				
autostub/Integer_public_static_int_java_lang_Integer_bitCount_int.yml	false				
autostub/Integer_public_static_int_java_lang_Integer_compareUnsigned_int_int.yml	false				
autostub/Integer_public_static_int_java_lang_Integer_compare_int_int.yml	false				
autostub/Integer_public_static_int_java_lang_Integer_highestOneBit_int.yml	false				
autostub/Integer_public_static_int_java_lang_Integer_lowestOneBit_int.yml	false				
autostub/Integer_public_static_int_java_lang_Integer_max_int_int.yml	false				
autostub/Integer_public_static_int_java_lang_Integer_min_int_int.yml	false				
autostub/Integer_public_static_int_java_lang_Integer_numberOfLeadingZeros_int.yml	false				
autostub/Integer_public_static_int_java_lang_Integer_numberOfTrailingZeros_int.yml	false				
autostub/Integer_public_static_int_java_lang_Integer_reverseBytes_int.yml	false				
autostub/Integer_public_static_int_java_lang_Integer_reverse_int.yml	false				
autostub/Integer_public_static_int_java_lang_Integer_rotateLeft_int_int.yml	false				
autostub/Integer_public_static_int_java_lang_Integer_rotateRight_int_int.yml	false				
autostub/Integer_public_static_int_java_lang_Integer_signum_int.yml	false				
autostub/Integer_public_static_int_java_lang_Integer_sum_int_int.yml	false				
autostub/Integer_public_static_java_lang_Integer_java_lang_Integer_getInteger_java_lang_String_int.yml	false				
autostub/Integer_public_static_java_lang_Integer_java_lang_Integer_getInteger_java_lang_String_java_lang_Integer.yml	false				
autostub/Integer_public_static_java_lang_Integer_java_lang_Integer_valueOf_int.yml	false				
autostub/Integer_public_static_java_lang_String_java_lang_Integer_toBinaryString_int.yml	false				
autostub/Integer_public_static_java_lang_String_java_lang_Integer_toHexString_int.yml	false				
autostub/Integer_public_static_java_lang_String_java_lang_Integer_toOctalString_int.yml	false				
autostub/Integer_public_static_java_lang_String_java_lang_Integer_toString_int.yml	false				
autostub/Integer_public_static_java_lang_String_java_lang_Integer_toString_int_int.yml	false				
autostub/Integer_public_static_java_lang_String_java_lang_Integer_toUnsignedString_int.yml	false				
autostub/Integer_public_static_java_lang_String_java_lang_Integer_toUnsignedString_int_int.yml	false				
autostub/Integer_public_static_long_java_lang_Integer_toUnsignedLong_int.yml	false				
autostub/Long_public_byte_java_lang_Long_byteValue.yml	false				
autostub/Long_public_double_java_lang_Long_doubleValue.yml	false				
autostub/Long_public_float_java_lang_Long_floatValue.yml	false				
autostub/Long_public_int_java_lang_Long_compareTo_java_lang_Long.yml	false				
autostub/Long_public_int_java_lang_Long_intValue.yml	false				
autostub/Long_public_java_lang_String_java_lang_Long_toString.yml	false				
autostub/Long_public_long_java_lang_Long_longValue.yml	false				
autostub/Long_public_short_java_lang_Long_shortValue.yml	false				
autostub/Long_public_static_int_java_lang_Long_bitCount_long.yml	false				
autostub/Long_public_static_int_java_lang_Long_compareUnsigned_long_long.yml	false				
autostub/Long_public_static_int_java_lang_Long_compare_long_long.yml	false				
autostub/Long_public_static_int_java_lang_Long_numberOfLeadingZeros_long.yml	false				
autostub/Long_public_static_int_java_lang_Long_numberOfTrailingZeros_long.yml	false				
autostub/Long_public_static_int_java_lang_Long_signum_long.yml	false				
autostub/Long_public_static_java_lang_Long_java_lang_Long_getLong_java_lang_String_java_lang_Long.yml	false				
autostub/Long_public_static_java_lang_Long_java_lang_Long_getLong_java_lang_String_long.yml	false				
autostub/Long_public_static_java_lang_Long_java_lang_Long_valueOf_long.yml	false				
autostub/Long_public_static_java_lang_String_java_lang_Long_toBinaryString_long.yml	false				
autostub/Long_public_static_java_lang_String_java_lang_Long_toHexString_long.yml	false				
autostub/Long_public_static_java_lang_String_java_lang_Long_toOctalString_long.yml	false				
autostub/Long_public_static_java_lang_String_java_lang_Long_toString_long.yml	false				
autostub/Long_public_static_java_lang_String_java_lang_Long_toString_long_int.yml	false				
autostub/Long_public_static_java_lang_String_java_lang_Long_toUnsignedString_long.yml	false				
autostub/Long_public_static_java_lang_String_java_lang_Long_toUnsignedString_long_int.yml	false				
autostub/Long_public_static_long_java_lang_Long_highestOneBit_long.yml	false				
autostub/Long_public_static_long_java_lang_Long_lowestOneBit_long.yml	false				
autostub/Long_public_static_long_java_lang_Long_max_long_long.yml	false				
autostub/Long_public_static_long_java_lang_Long_min_long_long.yml	false				
autostub/Long_public_static_long_java_lang_Long_reverseBytes_long.yml	false				
autostub/Long_public_static_long_java_lang_Long_reverse_long.yml	false				
autostub/Long_public_static_long_java_lang_Long_rotateLeft_long_int.yml	false				
autostub/Long_public_static_long_java_lang_Long_rotateRight_long_int.yml	false				
autostub/Long_public_static_long_java_lang_Long_sum_long_long.yml	false				
autostub/Math_public_static_int_java_lang_Math_abs_int.yml	false				
autostub/Math_public_static_int_java_lang_Math_getExponent_double.yml	false				
autostub/Math_public_static_int_java_lang_Math_getExponent_float.yml	false				
autostub/Math_public_static_int_java_lang_Math_max_int_int.yml	false				
autostub/Math_public_static_int_java_lang_Math_min_int_int.yml	false				
autostub/Math_public_static_int_java_lang_Math_round_float.yml	false				
autostub/Math_public_static_long_java_lang_Math_abs_long.yml	false				
autostub/Math_public_static_long_java_lang_Math_max_long_long.yml	false				
autostub/Math_public_static_long_java_lang_Math_min_long_long.yml	false				
autostub/Math_public_static_long_java_lang_Math_round_double.yml	false				
autostub/Short_public_byte_java_lang_Short_byteValue.yml	false				
autostub/Short_public_double_java_lang_Short_doubleValue.yml	false				
autostub/Short_public_float_java_lang_Short_floatValue.yml	false				
autostub/Short_public_int_java_lang_Short_compareTo_java_lang_Short.yml	false				
autostub/Short_public_int_java_lang_Short_intValue.yml	false				
autostub/Short_public_java_lang_String_java_lang_Short_toString.yml	false				
autostub/Short_public_long_java_lang_Short_longValue.yml	false				
autostub/Short_public_short_java_lang_Short_shortValue.yml	false				
autostub/Short_public_static_int_java_lang_Short_compare_short_short.yml	false				
autostub/Short_public_static_int_java_lang_Short_toUnsignedInt_short.yml	false				
autostub/Short_public_static_java_lang_Short_java_lang_Short_valueOf_short.yml	false				
autostub/Short_public_static_java_lang_String_java_lang_Short_toString_short.yml	false				
autostub/Short_public_static_long_java_lang_Short_toUnsignedLong_short.yml	false				
autostub/Short_public_static_short_java_lang_Short_reverseBytes_short.yml	false				
autostub/StrictMath_public_static_int_java_lang_StrictMath_abs_int.yml	false				
autostub/StrictMath_public_static_int_java_lang_StrictMath_getExponent_double.yml	false				
autostub/StrictMath_public_static_int_java_lang_StrictMath_getExponent_float.yml	false				
autostub/StrictMath_public_static_int_java_lang_StrictMath_max_int_int.yml	false				
autostub/StrictMath_public_static_int_java_lang_StrictMath_min_int_int.yml	false				
autostub/StrictMath_public_static_int_java_lang_StrictMath_round_float.yml	false				
autostub/StrictMath_public_static_long_java_lang_StrictMath_abs_long.yml	false				
autostub/StrictMath_public_static_long_java_lang_StrictMath_max_long_long.yml	false				
autostub/StrictMath_public_static_long_java_lang_StrictMath_min_long_long.yml	false				
autostub/StrictMath_public_static_long_java_lang_StrictMath_round_double.yml	false				
autostub/String_public_boolean_java_lang_String_endsWith_java_lang_String.yml	false				
autostub/String_public_boolean_java_lang_String_equalsIgnoreCase_java_lang_String.yml	false				
autostub/String_public_boolean_java_lang_String_isEmpty.yml	false				
autostub/String_public_boolean_java_lang_String_regionMatches_boolean_int_java_lang_String_int_int.yml	false				
autostub/String_public_boolean_java_lang_String_regionMatches_int_java_lang_String_int_int.yml	false				
autostub/String_public_boolean_java_lang_String_startsWith_java_lang_String.yml	false				
autostub/String_public_boolean_java_lang_String_startsWith_java_lang_String_int.yml	false				
autostub/String_public_int_java_lang_String_compareToIgnoreCase_java_lang_String.yml	false				
autostub/String_public_int_java_lang_String_compareTo_java_lang_String.yml	false				
autostub/String_public_int_java_lang_String_indexOf_int.yml	false				
autostub/String_public_int_java_lang_String_indexOf_int_int.yml	false				
autostub/String_public_int_java_lang_String_indexOf_java_lang_String.yml	false				
autostub/String_public_int_java_lang_String_indexOf_java_lang_String_int.yml	false				
autostub/String_public_int_java_lang_String_lastIndexOf_int.yml	false				
autostub/String_public_int_java_lang_String_lastIndexOf_int_int.yml	false				
autostub/String_public_int_java_lang_String_lastIndexOf_java_lang_String.yml	false				
autostub/String_public_int_java_lang_String_lastIndexOf_java_lang_String_int.yml	false				
autostub/String_public_int_java_lang_String_length.yml	false				
autostub/String_public_java_lang_String_java_lang_String_concat_java_lang_String.yml	false				
autostub/String_public_java_lang_String_java_lang_String_replace_char_char.yml	false				
autostub/String_public_java_lang_String_java_lang_String_toLowerCase.yml	false				
autostub/String_public_java_lang_String_java_lang_String_toString.yml	false				
autostub/String_public_java_lang_String_java_lang_String_toUpperCase.yml	false				
autostub/String_public_java_lang_String_java_lang_String_trim.yml	false				
autostub/String_public_static_java_lang_String_java_lang_String_valueOf_boolean.yml	false				
autostub/String_public_static_java_lang_String_java_lang_String_valueOf_char.yml	false				
autostub/String_public_static_java_lang_String_java_lang_String_valueOf_double.yml	false				
autostub/String_public_static_java_lang_String_java_lang_String_valueOf_float.yml	false				
autostub/String_public_static_java_lang_String_java_lang_String_valueOf_int.yml	false				
autostub/String_public_static_java_lang_String_java_lang_String_valueOf_long.yml	false				
objects/objects01.yml	true				
objects/objects02.yml	true				
objects/objects03.yml	false				
objects/objects04.yml	false				
objects/objects05.yml	true				
objects/objects06.yml	false				
objects/objects07.yml	false				
objects/objects08.yml	true				
objects/objects09.yml	true				
objects/objects10.yml	false				
objects/objects11.yml	false				
objects/objects12.yml	false				
objects/objects13.yml	false				
objects/objects14.yml	false				
